{
  "schema_version": 1,
  "model_version": "minilm-sst2-v1",
  "created_at": "2026-07-19T23:26:35.986975+00:00",
  "sample_count": 872,
  "class_probs": {
    "negative": 0.48853211009174313,
    "positive": 0.5114678899082569
  },
  "token_len_bin_edges": [
    3,
    8,
    16,
    24,
    32,
    257
  ],
  "token_len_probs": [
    0.014823261117445839,
    0.18586088939566706,
    0.26567844925883694,
    0.26795895096921324,
    0.26567844925883694
  ],
  "confidence_bin_edges": [
    0.5,
    0.55,
    0.6,
    0.65,
    0.7,
    0.75,
    0.8,
    0.85,
    0.9,
    0.95,
    1.0
  ],
  "confidence_probs": [
    0.005668934240362812,
    0.011337868480725623,
    0.005668934240362812,
    0.009070294784580499,
    0.017006802721088437,
    0.011337868480725623,
    0.01020408163265306,
    0.01927437641723356,
    0.04195011337868481,
    0.8684807256235828
  ]
}
