{
  "schema_version": 1,
  "model_version": "distilbert-sst2-v1",
  "created_at": "2026-07-15T02:09:37.123899+00:00",
  "sample_count": 872,
  "class_probs": {
    "negative": 0.4724770642201835,
    "positive": 0.5275229357798165
  },
  "token_len_bin_edges": [
    3,
    8,
    16,
    24,
    32,
    257
  ],
  "token_len_probs": [
    0.014823261117445839,
    0.18586088939566706,
    0.26567844925883694,
    0.26795895096921324,
    0.26567844925883694
  ],
  "confidence_bin_edges": [
    0.5,
    0.55,
    0.6,
    0.65,
    0.7,
    0.75,
    0.8,
    0.85,
    0.9,
    0.95,
    1.0
  ],
  "confidence_probs": [
    0.005668934240362812,
    0.0022675736961451248,
    0.006802721088435374,
    0.005668934240362812,
    0.005668934240362812,
    0.009070294784580499,
    0.009070294784580499,
    0.01020408163265306,
    0.030612244897959183,
    0.9149659863945578
  ]
}
